SEKVENS;KODE;NIVEAU;TITEL;GENERELLE_NOTER;INKLUDERER;INKLUDERER_OGSÅ;EKSKLUDERER;PARAGRAF;MÅLEENHED
1;"1";1;Ledelsesarbejde;;;;;;
2;"11";2;Øverste ledelse i lovgivende myndigheder, virksomheder og organisationer;;;;;;
3;"111";3;Øverste ledelse i lovgivende myndigheder, offentlige virksomheder og organisationer;;;;;;
4;"1111";4;Øverste ledelse i lovgivende myndigheder;;;;;;
5;"111100";5;Øverste ledelse i lovgivende myndigheder;;;;;;
6;"1112";4;Øverste ledelse i offentlige virksomheder;;;;;;
7;"111200";5;Øverste ledelse i offentlige virksomheder;;;;;;
8;"1114";4;Øverste ledelse i interesseorganisationer;;;;;;
9;"111400";5;Øverste ledelse i interesseorganisationer;;;;;;
10;"112";3;Øverste virksomhedsledelse;;;;;;
11;"1120";4;Øverste virksomhedsledelse;;;;;;
12;"112010";5;Øverste administrerende virksomhedsledelse;;;;;;
13;"112020";5;Virksomhedsledelse af tværgående funktioner;;;;;;
14;"12";2;Ledelse inden for administration og erhvervsorienterede funktioner;;;;;;
15;"121";3;Ledelse inden for forretningsservice og administrative funktioner;;;;;;
16;"1211";4;Ledelse inden for økonomifunktioner;;;;;;
17;"121100";5;Ledelse inden for økonomifunktioner;;;;;;
18;"1212";4;Ledelse inden for HR-funktioner;;;;;;
19;"121200";5;Ledelse inden for HR-funktioner;;;;;;
20;"1213";4;Ledelse inden for offentlig administration og virksomhedsstrategi/policy området;;;;;;
21;"121310";5;Ledelse inden for virksomhedsstrategi/policy området;;;;;;
22;"121320";5;Administrativ ledelse i den offentlige sektor;;;;;;
23;"1219";4;Ledelse inden for anden forretningsservice og andre administrative funktioner;;;;;;
24;"121910";5;Ledelse af rengøringsfunktioner o.l.;;;;;;
25;"121920";5;Ledelse af logistikfunktioner;;;;;;
26;"121990";5;Anden ledelse inden for forretningsservice og administrative funktioner i øvrigt;;;;;;
27;"122";3;Ledelse af forretnings- og udviklingsorienterede funktioner;;;;;;
28;"1221";4;Ledelse af salg og marketing;;;;;;
29;"122100";5;Ledelse af salg og marketing;;;;;;
30;"1222";4;Ledelse af reklame og PR;;;;;;
31;"122200";5;Ledelse af reklame og PR;;;;;;
32;"1223";4;Ledelse af kommerciel forskning og udvikling;;;;;;
33;"122300";5;Ledelse af kommerciel forskning og udvikling;;;;;;
34;"13";2;Ledelse af hovedaktiviteten inden for produktions- og servicevirksomhed;;;;;;
35;"131";3;Ledelse af produktion i landbrug, skovbrug og fiskeri;;;;;;
36;"1311";4;Ledelse af produktion i landbrug og skovbrug;;;;;;
37;"131100";5;Ledelse af produktion i landbrug og skovbrug;;;;;;
38;"1312";4;Ledelse af produktion inden for akvakultur og fiskeri;;;;;;
39;"131200";5;Ledelse af produktion inden for akvakultur og fiskeri;;;;;;
40;"132";3;Ledelse af hovedaktiviteten inden for fremstillingsvirksomhed, råstofudvinding, byggeri, forsyning, distribution mv.;;;;;;
41;"1321";4;Ledelse af hovedaktiviteten inden for fremstillingsvirksomhed (undtagen landbrug, skovbrug og fiskeri);;;;;;
42;"132100";5;Ledelse af hovedaktiviteten inden for fremstillingsvirksomhed (undtagen landbrug, skovbrug og fiskeri);;;;;;
43;"1322";4;Ledelse af hovedaktiviteten inden for råstofudvinding;;;;;;
44;"132200";5;Ledelse af hovedaktiviteten inden for råstofudvinding;;;;;;
45;"1323";4;Ledelse af hovedaktiviteten inden for bygge- og anlægsvirksomhed;;;;;;
46;"132300";5;Ledelse af hovedaktiviteten inden for bygge- og anlægsvirksomhed;;;;;;
47;"1324";4;Ledelse af hovedaktiviteten inden for forsyning, distribution o.l.;;;;;;
48;"132400";5;Ledelse af hovedaktiviteten inden for forsyning, distribution o.l.;;;;;;
49;"133";3;Ledelse af hovedaktiviteten inden for informations- og kommunikationsteknologi;;;;;;
50;"1330";4;Ledelse af hovedaktiviteten inden for informations- og kommunikationsteknologi;;;;;;
51;"133010";5;Ledelse af hovedaktiviteten inden for informations- og kommunikationsteknologi (Business to Business);;;;;;
52;"133020";5;Ledelse af intern IT;;;;;;
53;"134";3;Ledelse af hovedaktiviteten inden for servicefag;;;;;;
54;"1341";4;Ledelse af hovedaktiviteten inden for pædagogisk arbejde med og omsorg for børn;;;;;;
55;"134100";5;Ledelse af hovedaktiviteten inden for pædagogisk arbejde med og omsorg for børn;;;;;;
56;"1342";4;Ledelse af hovedaktiviteten inden for sundhedsområdet;;;;;;
57;"134200";5;Ledelse af hovedaktiviteten inden for sundhedsområdet;;;;;;
58;"1343";4;Ledelse af hovedaktiviteten inden for ældreplejen;;;;;;
59;"134300";5;Ledelse af hovedaktiviteten inden for ældreplejen;;;;;;
60;"1344";4;Ledelse af hovedaktiviteten inden for det sociale område;;;;;;
61;"134400";5;Ledelse af hovedaktiviteten inden for det sociale område;;;;;;
62;"1345";4;Ledelse af hovedaktiviteten inden for undervisningsområdet;;;;;;
63;"134500";5;Ledelse af hovedaktiviteten inden for undervisningsområdet;;;;;;
64;"1346";4;Ledelse af hovedaktiviteten inden for finans- og forsikringsområdet;;;;;;
65;"134600";5;Ledelse af hovedaktiviteten inden for finans- og forsikringsområdet;;;;;;
66;"1349";4;Anden ledelse af hovedaktiviteten inden for servicefag;;;;;;
67;"134910";5;Ledelse af hovedaktiviteten inden for politi og retsvæsen;;;;;;
68;"134990";5;Anden ledelse af hovedaktiviteten inden for servicefag i øvrigt;;;;;;
69;"14";2;Ledelse af hovedaktiviteten inden for hotel og restauration, detail- og engroshandel og andre serviceområder;;;;;;
70;"141";3;Ledelse af hovedaktiviteten inden for hoteller og restauration;;;;;;
71;"1411";4;Ledelse af hovedaktiviteten af hoteller;;;;;;
72;"141100";5;Ledelse af hovedaktiviteten af hoteller;;;;;;
73;"1412";4;Ledelse af hovedaktiviteten inden for restauration;;;;;;
74;"141200";5;Ledelse af hovedaktiviteten inden for restauration;;;;;;
75;"142";3;Ledelse af hovedaktiviteten inden for detail- og engroshandel;;;;;;
76;"1420";4;Ledelse af hovedaktiviteten inden for detail- og engroshandel;;;;;;
77;"142010";5;Ledelse af hovedaktiviteten inden for detailhandel;;;;;;
78;"142020";5;Ledelse af hovedaktiviteten inden for engroshandel;;;;;;
79;"143";3;Ledelse af hovedaktiviteten inden for andre serviceområder;;;;;;
80;"1431";4;Ledelse af hovedaktiviteten inden for sport, forlystelse og kultur;;;;;;
81;"143100";5;Ledelse af hovedaktiviteten inden for sport, forlystelse og kultur;;;;;;
82;"1439";4;Ledelse af hovedaktiviteten inden for andre serviceområder;;;;;;
83;"143900";5;Ledelse af hovedaktiviteten inden for andre serviceområder;;;;;;
84;"2";1;Arbejde, der forudsætter viden på højeste niveau inden for pågældende område;;;;;;
85;"21";2;Arbejde inden for naturvidenskab og ingeniørvirksomhed;;;;;;
86;"211";3;Arbejde inden for fysik og geologi;;;;;;
87;"2111";4;Arbejde inden for fysik og astronomi;;;;;;
88;"211100";5;Arbejde inden for fysik og astronomi;;;;;;
89;"2112";4;Arbejde inden for meteorologi;;;;;;
90;"211200";5;Arbejde inden for meteorologi;;;;;;
91;"2113";4;Arbejde inden for kemi;;;;;;
92;"211300";5;Arbejde inden for kemi;;;;;;
93;"2114";4;Arbejde inden for geologi og geofysik;;;;;;
94;"211400";5;Arbejde inden for geologi og geofysik;;;;;;
95;"212";3;Arbejde med matematiske, aktuariske og statistiske metoder og teorier;;;;;;
96;"2120";4;Arbejde med matematiske, aktuariske og statistiske metoder og teorier;;;;;;
97;"212000";5;Arbejde med matematiske, aktuariske og statistiske metoder og teorier;;;;;;
98;"213";3;Arbejde inden for biovidenskab;;;;;;
99;"2131";4;Arbejde inden for biokemi, biologi, botanik, zoologi og beslægtede områder;;;;;;
100;"213110";5;Arbejde inden for biokemi;;;;;;
101;"213120";5;Arbejde inden for biologi, botanik, zoologi og beslægtede områder;;;;;;
102;"2132";4;Rådgivning inden for landbrug, skovbrug og fiskeri;;;;;;
103;"213200";5;Rådgivning inden for landbrug, skovbrug og fiskeri;;;;;;
104;"2133";4;Arbejde inden for miljøbeskyttelse;;;;;;
105;"213300";5;Arbejde inden for miljøbeskyttelse;;;;;;
106;"214";3;Ingeniørarbejde (undtagen inden for elektroteknologi);;;;;;
107;"2141";4;Ingeniørarbejde i industri og produktion;;;;;;
108;"214100";5;Ingeniørarbejde i industri og produktion;;;;;;
109;"2142";4;Ingeniørarbejde vedrørende bygninger og anlæg;;;;;;
110;"214200";5;Ingeniørarbejde vedrørende bygninger og anlæg;;;;;;
111;"2143";4;Ingeniørarbejde inden for miljø;;;;;;
112;"214300";5;Ingeniørarbejde inden for miljø;;;;;;
113;"2144";4;Ingeniørarbejde inden for mekaniske systemer;;;;;;
114;"214400";5;Ingeniørarbejde inden for mekaniske systemer;;;;;;
115;"2145";4;Ingeniørarbejde inden for kemi;;;;;;
116;"214500";5;Ingeniørarbejde inden for kemi;;;;;;
117;"2146";4;Ingeniørarbejde inden for minedrift, metallurgi og beslægtede områder;;;;;;
118;"214600";5;Ingeniørarbejde inden for minedrift, metallurgi og beslægtede områder;;;;;;
119;"2149";4;Andet ingeniørarbejde (undtagen elektroteknologi);;;;;;
120;"214900";5;Andet ingeniørarbejde (undtagen elektroteknologi);;;;;;
121;"215";3;Ingeniørarbejde inden for elektroteknologi;;;;;;
122;"2151";4;Ingeniørarbejde inden for elektricitet;;;;;;
123;"215100";5;Ingeniørarbejde inden for elektricitet;;;;;;
124;"2152";4;Ingeniørarbejde inden for elektronik;;;;;;
125;"215200";5;Ingeniørarbejde inden for elektronik;;;;;;
126;"2153";4;Ingeniørarbejde inden for telekommunikation;;;;;;
127;"215300";5;Ingeniørarbejde inden for telekommunikation;;;;;;
128;"216";3;Arbejde med arkitektur, infrastruktur og design;;;;;;
129;"2161";4;Arbejde med bygningsarkitektur;;;;;;
130;"216100";5;Arbejde med bygningsarkitektur;;;;;;
131;"2162";4;Arbejde med landskabsarkitektur;;;;;;
132;"216200";5;Arbejde med landskabsarkitektur;;;;;;
133;"2163";4;Arbejde med produkt- og tøjdesign;;;;;;
134;"216300";5;Arbejde med produkt- og tøjdesign;;;;;;
135;"2164";4;Arbejde med by- og trafikplanlægning;;;;;;
136;"216400";5;Arbejde med by- og trafikplanlægning;;;;;;
137;"2165";4;Arbejde med kartografi og landinspektørarbejde;;;;;;
138;"216500";5;Arbejde med kartografi og landinspektørarbejde;;;;;;
139;"2166";4;Arbejde med grafisk og multimediedesign;;;;;;
140;"216600";5;Arbejde med grafisk og multimediedesign;;;;;;
141;"22";2;Arbejde inden for sundhedsområdet;;;;;;
142;"221";3;Lægearbejde;;;;;;
143;"2211";4;Almindeligt lægearbejde;;;;;;
144;"221100";5;Almindeligt lægearbejde;;;;;;
145;"2212";4;Speciallægearbejde;;;;;;
146;"221200";5;Speciallægearbejde;;;;;;
147;"222";3;Sygeplejerske- og jordemoderarbejde;;;;;;
148;"2221";4;Sygeplejerskearbejde;;;;;;
149;"222110";5;Sygeplejerskearbejde, basisfunktioner;;;;;;
150;"222120";5;Sygeplejerskearbejde, specialfunktioner;;;;;;
151;"222130";5;Sundhedsplejerskearbejde;;;;;;
152;"2222";4;Jordemoderarbejde;;;;;;
153;"222200";5;Jordemoderarbejde;;;;;;
154;"223";3;Arbejde inden for naturmedicin og alternativ behandling;;;;;;
155;"2230";4;Arbejde inden for naturmedicin og alternativ behandling;;;;;;
156;"223000";5;Arbejde inden for naturmedicin og alternativ behandling;;;;;;
157;"224";3;Paramedicinsk arbejde;;;;;;
158;"2240";4;Paramedicinsk arbejde;;;;;;
159;"224000";5;Paramedicinsk arbejde;;;;;;
160;"225";3;Dyrlægearbejde;;;;;;
161;"2250";4;Dyrlægearbejde;;;;;;
162;"225000";5;Dyrlægearbejde;;;;;;
163;"226";3;Andet sundhedsarbejde;;;;;;
164;"2261";4;Tandlægearbejde;;;;;;
165;"226100";5;Tandlægearbejde;;;;;;
166;"2262";4;Farmaceutarbejde;;;;;;
167;"226200";5;Farmaceutarbejde;;;;;;
168;"2263";4;Arbejde inden for arbejdsmiljø og hygiejne;;;;;;
169;"226300";5;Arbejde inden for arbejdsmiljø og hygiejne;;;;;;
170;"2264";4;Fysioterapeut- og afspændingspædagogarbejde;;;;;;
171;"226410";5;Fysioterapeutarbejde;;;;;;
172;"226420";5;Afspændingspædagogarbejde;;;;;;
173;"2265";4;Kost- og ernæringsarbejde;;;;;;
174;"226510";5;Kost- og ernæringsarbejde, basisfunktioner;;;;;;
175;"226520";5;Kost- og ernæringsarbejde, specialfunktioner;;;;;;
176;"2266";4;Arbejde inden for audiologi og logopædi;;;;;;
177;"226610";5;Arbejde inden for audiologi;;;;;;
178;"226620";5;Arbejde inden for logopædi;;;;;;
179;"2267";4;Optiker/optometristarbejde;;;;;;
180;"226700";5;Optiker/optometristarbejde;;;;;;
181;"2269";4;Sundhedsarbejde ikke klassificeret andetsteds;;;;;;
182;"226910";5;Ergoterapeutarbejde;;;;;;
183;"226920";5;Fodterapeutarbejde;;;;;;
184;"226930";5;Kiropraktikerarbejde;;;;;;
185;"226990";5;Sundhedsarbejde ikke klassificeret andetsteds;;;;;;
186;"23";2;Undervisning og pædagogisk arbejde;;;;;;
187;"231";3;Undervisning og forskning ved universiteter og højere læreanstalter;;;;;;
188;"2310";4;Undervisning og forskning på universiteter og højere læreanstalter;;;;;;
189;"231010";5;Undervisning og forskning ved lange videregående uddannelser;;;;;;
190;"231020";5;Undervisning og forskning ved mellemlange videregående uddannelser;;;;;;
191;"231030";5;Undervisning og forskning ved korte videregående uddannelser;;;;;;
192;"232";3;Undervisning ved erhvervsuddannelser;;;;;;
193;"2320";4;Undervisning ved erhvervsuddannelser;;;;;;
194;"232010";5;Undervisning ved erhvervsuddannelser for unge;;;;;;
195;"232020";5;Undervisning ved arbejdsmarkedsuddannelser;;;;;;
196;"232030";5;Undervisning ved voksenerhvervsuddannelser;;;;;;
197;"233";3;Almen undervisning efter grundskoleniveau;;;;;;
198;"2330";4;Almen undervisning efter grundskoleniveau;;;;;;
199;"233010";5;Undervisning på gymnasialt niveau;;;;;;
200;"233020";5;Undervisning ved øvrige almene uddannelser efter grundskoleniveau;;;;;;
201;"234";3;Undervisning og pædagogisk arbejde;;;;;;
202;"2341";4;Undervisning på grundskoleniveau (inkl. 10. klasse);;;;;;
203;"234110";5;Undervisning på grundskoleniveau, unge og voksne;;;;;;
204;"234120";5;Undervisning på grundskoleniveau, (børn, 1.-10. klasse);;;;;;
205;"234130";5;Undervisning på grundskoleniveau, børnehaveklasseniveau;;;;;;
206;"2342";4;Undervisning før grundskoleniveau;;;;;;
207;"234200";5;Undervisning før grundskoleniveau;;;;;;
208;"2343";4;Pædagogisk arbejde;;;;;;
209;"234310";5;Pædagogisk arbejde med unge og voksne;;;;;;
210;"234320";5;Pædagogisk arbejde, fritidsklubber/legepladser;;;;;;
211;"234330";5;Pædagogisk arbejde i skolefritidsordninger/fritidshjem og på skoler;;;;;;
212;"234340";5;Pædagogisk arbejde, førskolebørn;;;;;;
213;"234390";5;Andet pædagogisk arbejde;;;;;;
214;"235";3;Andet undervisnings- og pædagogisk arbejde;;;;;;
215;"2351";4;Forskning, udvikling og rådgivning inden for undervisningsmetoder;;;;;;
216;"235100";5;Forskning, udvikling og rådgivning inden for undervisningsmetoder;;;;;;
217;"2352";4;Specialundervisning;;;;;;
218;"235210";5;Specialundervisning, unge og voksne;;;;;;
219;"235220";5;Specialundervisning på grundskoleniveau (1.-10. klasse);;;;;;
220;"235230";5;Specialundervisning på børnehaveklasseniveau;;;;;;
221;"2353";4;Anden sprogundervisning;;;;;;
222;"235300";5;Anden sprogundervisning;;;;;;
223;"2354";4;Anden musik- og sangundervisning;;;;;;
224;"235400";5;Anden musik- og sangundervisning;;;;;;
225;"2355";4;Anden undervisning inden for kreative fag;;;;;;
226;"235500";5;Anden undervisning inden for kreative fag;;;;;;
227;"2356";4;Anden undervisning inden for informationsteknologi;;;;;;
228;"235600";5;Anden undervisning inden for informationsteknologi;;;;;;
229;"2357";4;Specialpædagogisk arbejde;;;;;;
230;"235710";5;Specialpædagogisk arbejde, ældre og handicappede;;;;;;
231;"235720";5;Specialpædagogisk arbejde, aktivering mv.;;;;;;
232;"235730";5;Specialpædagogisk arbejde, rådgivning af voksne;;;;;;
233;"235740";5;Specialpædagogisk arbejde, kontakt med- og ledsagning af voksne;;;;;;
234;"235750";5;Specialpædagogisk arbejde, børn og unge;;;;;;
235;"235760";5;Specialpædagogisk arbejde, førskolebørn;;;;;;
236;"235790";5;Andet specialpædagogisk arbejde;;;;;;
237;"2359";4;Undervisnings- og pædagogisk arbejde ikke klassificeret andetsteds;;;;;;
238;"235910";5;Undervisningsarbejde ikke klassificeret andetsteds (ekskl. medhjælp);;;;;;
239;"235920";5;Pædagogisk arbejde ikke klassificeret andetsteds (ekskl. medhjælp);;;;;;
240;"24";2;Arbejde inden for økonomi, administration og salg;;;;;;
241;"241";3;Arbejde inden for finans og økonomi;;;;;;
242;"2411";4;Revisions- og regnskabscontrollerarbejde;;;;;;
243;"241100";5;Revisions- og regnskabscontrollerarbejde;;;;;;
244;"2412";4;Rådgivning inden for finans, forsikring og investering;;;;;;
245;"241210";5;Rådgivning af storkunder og private banking kunder inden for finans og forsikring;;;;;;
246;"241220";5;Generel rådgivning af erhvervskunder inden for finans og forsikring;;;;;;
247;"241230";5;Generel rådgivning af privatkunder inden for finans og forsikring;;;;;;
248;"241240";5;Rådgivning inden for specialområde som investering, valuta og formue;;;;;;
249;"2413";4;Arbejde med analyse, produktudvikling- og vedligeholdelse inden for finans og forsikring;;;;;;
250;"241310";5;Analytikerarbejde inden for finans og forsikring;;;;;;
251;"241320";5;Arbejde med udvikling og vedligeholdelse af bank- og forsikringsprodukter;;;;;;
252;"242";3;Arbejde inden for virksomhedsadministration – privat og offentlig;;;;;;
253;"2421";4;Analytikerarbejde inden for ledelse og virksomhedsorganisation;;;;;;
254;"242100";5;Analytikerarbejde inden for ledelse og virksomhedsorganisation;;;;;;
255;"2422";4;Arbejde med virksomhedsstrategi/policy;;;;;;
256;"242200";5;Arbejde med virksomhedsstrategi/policy;;;;;;
257;"2423";4;Arbejde med analyse og rådgivning inden for HR;;;;;;
258;"242300";5;Arbejde med analyse og rådgivning inden for HR;;;;;;
259;"2424";4;Arbejde med personaleudvikling og -oplæring;;;;;;
260;"242400";5;Arbejde med personaleudvikling og -oplæring;;;;;;
261;"243";3;Arbejde inden for salg, marketing og PR;;;;;;
262;"2431";4;Arbejde inden for reklame og marketing;;;;;;
263;"243100";5;Arbejde inden for reklame og marketing;;;;;;
264;"2432";4;Arbejde inden for PR;;;;;;
265;"243200";5;Arbejde inden for PR;;;;;;
266;"2433";4;Arbejde inden for teknisk og medicinsk salg (undtagen informations- og kommunikationsteknologi);;;;;;
267;"243310";5;Arbejde inden for teknisk salg (undtagen informations- og kommunikationsteknologi);;;;;;
268;"243320";5;Arbejde inden for medicinsk salg;;;;;;
269;"2434";4;Arbejde inden for salg af informations- og kommunikationsteknologi;;;;;;
270;"243400";5;Arbejde inden for salg af informations- og kommunikationsteknologi;;;;;;
271;"25";2;Arbejde inden for informations- og kommunikationsteknologi;;;;;;
272;"251";3;Udvikling og analyse af software og applikationer;;;;;;
273;"2511";4;Systemanalytikerarbejde;;;;;;
274;"251110";5;Arbejde med overordnet IT-arkitektur;;;;;;
275;"251120";5;Design af IT-systemer og analyse af forretningsprocesser;;;;;;
276;"2512";4;Softwareudvikling;;;;;;
277;"251210";5;IT-projektstyring;;;;;;
278;"251220";5;Rådgivning og programmering inden for softwareudvikling;;;;;;
279;"2513";4;Web- og multimedieudvikling;;;;;;
280;"251300";5;Web- og multimedieudvikling;;;;;;
281;"2514";4;Vedligeholdelse og dokumentation af software;;;;;;
282;"251400";5;Vedligeholdelse og dokumentation af software;;;;;;
283;"2519";4;Andet arbejde med software, herunder test og kvalitetssikring;;;;;;
284;"251900";5;Andet arbejde med software, herunder test og kvalitetssikring;;;;;;
285;"252";3;Arbejde med databaser og netværk;;;;;;
286;"2521";4;Design og administration af databaser;;;;;;
287;"252100";5;Design og administration af databaser;;;;;;
288;"2522";4;Systemadministration;;;;;;
289;"252200";5;Systemadministration;;;;;;
290;"2523";4;Arbejde med computernetværk;;;;;;
291;"252300";5;Arbejde med computernetværk;;;;;;
292;"2529";4;Andet arbejde med databaser og netværk;;;;;;
293;"252900";5;Andet arbejde med databaser og netværk;;;;;;
294;"26";2;Arbejde inden for jura, samfundsvidenskab og kultur;;;;;;
295;"261";3;Juridisk arbejde;;;;;;
296;"2611";4;Advokatarbejde;;;;;;
297;"261110";5;Advokatarbejde;;;;;;
298;"261120";5;Advokatfuldmægtigarbejde;;;;;;
299;"2612";4;Dommerarbejde;;;;;;
300;"261200";5;Dommerarbejde;;;;;;
301;"2619";4;Andet juridisk arbejde;;;;;;
302;"261900";5;Andet juridisk arbejde;;;;;;
303;"262";3;Bibliotekar-, arkivar- og museumsinspektørarbejde;;;;;;
304;"2621";4;Arkivar- og museumsinspektørarbejde;;;;;;
305;"262100";5;Arkivar- og museumsinspektørarbejde;;;;;;
306;"2622";4;Bibliotekararbejde og andet informationsarbejde;;;;;;
307;"262200";5;Bibliotekararbejde og andet informationsarbejde;;;;;;
308;"263";3;Arbejde inden for samfundsvidenskab og religion;;;;;;
309;"2631";4;Arbejde inden for samfundsøkonomi;;;;;;
310;"263100";5;Arbejde inden for samfundsøkonomi;;;;;;
311;"2632";4;Arbejde inden for sociologi, antropologi og beslægtede områder;;;;;;
312;"263200";5;Arbejde inden for sociologi, antropologi og beslægtede områder;;;;;;
313;"2633";4;Arbejde inden for filosofi, historie og statskundskab;;;;;;
314;"263300";5;Arbejde inden for filosofi, historie og statskundskab;;;;;;
315;"2634";4;Arbejde inden for psykologi;;;;;;
316;"263400";5;Arbejde inden for psykologi;;;;;;
317;"2635";4;Socialrådgivningsarbejde;;;;;;
318;"263500";5;Socialrådgivningsarbejde;;;;;;
319;"2636";4;Arbejde inden for religion;;;;;;
320;"263600";5;Arbejde inden for religion;;;;;;
321;"264";3;Forfatterarbejde og journalistisk og sprogvidenskabeligt arbejde;;;;;;
322;"2641";4;Forfatterarbejde;;;;;;
323;"264100";5;Forfatterarbejde;;;;;;
324;"2642";4;Journalistisk arbejde;;;;;;
325;"264200";5;Journalistisk arbejde;;;;;;
326;"2643";4;Translatørarbejde og andet sprogvidenskabeligt arbejde;;;;;;
327;"264310";5;Translatørarbejde;;;;;;
328;"264320";5;Tolkearbejde;;;;;;
329;"264390";5;Andet sprogvidenskabeligt arbejde;;;;;;
330;"265";3;Arbejde med kunst og kreative fag;;;;;;
331;"2651";4;Kunstnerisk arbejde inden for visuelle kunstarter;;;;;;
332;"265100";5;Kunstnerisk arbejde inden for visuelle kunstarter;;;;;;
333;"2652";4;Kunstnerisk arbejde inden for musik og sang;;;;;;
334;"265200";5;Kunstnerisk arbejde inden for musik og sang;;;;;;
335;"2653";4;Kunstnerisk arbejde inden for dans og koreografi;;;;;;
336;"265300";5;Kunstnerisk arbejde inden for dans og koreografi;;;;;;
337;"2654";4;Arbejde med instruktion og produktion af film, teater og beslægtede funktioner;;;;;;
338;"265400";5;Arbejde med instruktion og produktion af film, teater og beslægtede funktioner;;;;;;
339;"2655";4;Skuespilarbejde;;;;;;
340;"265500";5;Skuespilarbejde;;;;;;
341;"2656";4;Speakerarbejde på radio, TV og andre medier;;;;;;
342;"265600";5;Speakerarbejde på radio, TV og andre medier;;;;;;
343;"2659";4;Andet arbejde med kunst og kreative fag;;;;;;
344;"265900";5;Andet arbejde med kunst og kreative fag;;;;;;
345;"3";1;Arbejde, der forudsætter viden på mellemniveau;;;;;;
346;"31";2;Teknikerarbejde inden for videnskab, ingeniørvirksomhed og skibs- og luftfart;;;;;;
347;"311";3;Teknikerarbejde inden for fysisk videnskab og ingeniørvirksomhed;;;;;;
348;"3111";4;Teknikerarbejde inden for kemisk og fysisk videnskab;;;;;;
349;"311110";5;Laborantarbejde;;;;;;
350;"311120";5;Assistentarbejde i laboratorier;;;;;;
351;"311130";5;Laboratorieteknikerarbejde;;;;;;
352;"311140";5;Teknikerarbejde inden for geologi, meteorologi og astronomi;;;;;;
353;"3112";4;Teknikerarbejde inden for byggeri- og anlæg;;;;;;
354;"311200";5;Teknikerarbejde inden for byggeri- og anlæg;;;;;;
355;"3113";4;Teknikerarbejde inden for det elektriske område;;;;;;
356;"311300";5;Teknikerarbejde inden for det elektriske område;;;;;;
357;"3114";4;Teknikerarbejde inden for det elektroniske område;;;;;;
358;"311400";5;Teknikerarbejde inden for det elektroniske område;;;;;;
359;"3115";4;Teknikerarbejde inden for det mekaniske område;;;;;;
360;"311510";5;Teknikerarbejde inden for VVS;;;;;;
361;"311590";5;Teknikerarbejde inden for andre mekaniske områder;;;;;;
362;"3116";4;Teknikerarbejde inden for det kemiske område;;;;;;
363;"311600";5;Teknikerarbejde inden for det kemiske område;;;;;;
364;"3117";4;Teknikerarbejde inden for minedrift og metallurgi;;;;;;
365;"311700";5;Teknikerarbejde inden for minedrift og metallurgi;;;;;;
366;"3118";4;Teknisk tegnearbejde;;;;;;
367;"311800";5;Teknisk tegnearbejde;;;;;;
368;"3119";4;Andet teknikerarbejde inden for fysisk videnskab og ingeniørvirksomhed;;;;;;
369;"311900";5;Andet teknikerarbejde inden for fysisk videnskab og ingeniørvirksomhed;;;;;;
370;"312";3;Tilsynsførende inden for råstofindvinding, fremstillingsvirksomhed og bygge- og anlægsvirksomhed;;;;;;
371;"3121";4;Tilsynsførende inden for råstofindvinding;;;;;;
372;"312100";5;Tilsynsførende inden for råstofindvinding;;;;;;
373;"3122";4;Tilsynsførende inden for fremstillingsvirksomhed;;;;;;
374;"312200";5;Tilsynsførende inden for fremstillingsvirksomhed;;;;;;
375;"3123";4;Tilsynsførende inden for bygge- og anlægsvirksomhed;;;;;;
376;"312300";5;Tilsynsførende inden for bygge- og anlægsvirksomhed;;;;;;
377;"313";3;Teknisk kontrolarbejde inden for processtyring;;;;;;
378;"3131";4;Teknisk kontrolarbejde på kraftværker;;;;;;
379;"313100";5;Teknisk kontrolarbejde på kraftværker;;;;;;
380;"3132";4;Teknisk kontrolarbejde på forbrændings- og vandrensningsanlæg;;;;;;
381;"313200";5;Teknisk kontrolarbejde på forbrændings- og vandrensningsanlæg;;;;;;
382;"3133";4;Teknisk kontrolarbejde på kemiske behandlingsanlæg;;;;;;
383;"313300";5;Teknisk kontrolarbejde på kemiske behandlingsanlæg;;;;;;
384;"3134";4;Teknisk kontrolarbejde på olie- og naturgasraffinaderier;;;;;;
385;"313400";5;Teknisk kontrolarbejde på olie- og naturgasraffinaderier;;;;;;
386;"3135";4;Teknisk kontrolarbejde ved metalproduktion;;;;;;
387;"313500";5;Teknisk kontrolarbejde ved metalproduktion;;;;;;
388;"3139";4;Andet teknisk kontrolarbejde inden for processtyring;;;;;;
389;"313900";5;Andet teknisk kontrolarbejde inden for processtyring;;;;;;
390;"314";3;Teknikerarbejde inden for biovidenskab;;;;;;
391;"3141";4;Teknikerarbejde inden for biovidenskab (undtagen medicinsk område);;;;;;
392;"314100";5;Teknikerarbejde inden for biovidenskab (undtagen medicinsk område);;;;;;
393;"3142";4;Landbrugsteknikerarbejde;;;;;;
394;"314200";5;Landbrugsteknikerarbejde;;;;;;
395;"3143";4;Skovbrugsteknikerarbejde;;;;;;
396;"314300";5;Skovbrugsteknikerarbejde;;;;;;
397;"315";3;Teknikerarbejde inden for skibs- og luftfart;;;;;;
398;"3151";4;Teknikerarbejde inden for skibsfart;;;;;;
399;"315100";5;Teknikerarbejde inden for skibsfart;;;;;;
400;"3152";4;Skibsførerarbejde;;;;;;
401;"315200";5;Skibsførerarbejde;;;;;;
402;"3153";4;Flypilotarbejde;;;;;;
403;"315300";5;Flypilotarbejde;;;;;;
404;"3154";4;Flyvelederarbejde;;;;;;
405;"315410";5;Flyvelederarbejde;;;;;;
406;"315420";5;Planlægning og afvikling af flytrafik i øvrigt;;;;;;
407;"3155";4;Teknikerarbejde inden for luftfartssikkerhed;;;;;;
408;"315500";5;Teknikerarbejde inden for luftfartssikkerhed;;;;;;
409;"32";2;Teknikerarbejde og assisterende arbejde inden for sundhedsområdet;;;;;;
410;"321";3;Teknikerarbejde inden for det medicinske og farmaceutiske område;;;;;;
411;"3211";4;Teknikerarbejde inden for brug af medicinsk røntgen- og behandlingsudstyr;;;;;;
412;"321100";5;Teknikerarbejde inden for brug af medicinsk røntgen- og behandlingsudstyr;;;;;;
413;"3212";4;Teknikerarbejde i medicinske og patologiske laboratorier;;;;;;
414;"321210";5;Bioanalytikerarbejde, basisfunktioner;;;;;;
415;"321220";5;Bioanalytikerarbejde, specialfunktioner;;;;;;
416;"321230";5;Laborantarbejde på sygehuslaboratorier;;;;;;
417;"321290";5;Andet teknikerarbejde i medicinske og patologiske laboratorier;;;;;;
418;"3213";4;Arbejde inden for farmaci;;;;;;
419;"321310";5;Farmakonomarbejde;;;;;;
420;"321390";5;Andet arbejde inden for farmaci;;;;;;
421;"3214";4;Teknikerarbejde inden for fremstilling af proteser;;;;;;
422;"321400";5;Teknikerarbejde inden for fremstilling af proteser;;;;;;
423;"322";3;Assisterende arbejde inden for sygepleje og jordemoderarbejde;;;;;;
424;"3221";4;Assisterende arbejde inden for sygepleje;;;;;;
425;"322100";5;Assisterende arbejde inden for sygepleje;;;;;;
426;"3222";4;Assisterende arbejde inden for fødselshjælp;;;;;;
427;"322200";5;Assisterende arbejde inden for fødselshjælp;;;;;;
428;"323";3;Assisterende arbejde inden for naturmedicin og alternativ behandling;;;;;;
429;"3230";4;Assisterende arbejde inden for naturmedicin og alternativ behandling;;;;;;
430;"323000";5;Assisterende arbejde inden for naturmedicin og alternativ behandling;;;;;;
431;"324";3;Assisterende veterinærarbejde og veterinærteknisk arbejde;;;;;;
432;"3240";4;Assisterende veterinærarbejde og veterinærteknisk arbejde;;;;;;
433;"324000";5;Assisterende veterinærarbejde og veterinærteknisk arbejde;;;;;;
434;"325";3;Andet tekniker- og assistentarbejde inden for sundhedsområdet;;;;;;
435;"3251";4;Arbejde med tandpleje;;;;;;
436;"325110";5;Tandklinikassistentarbejde;;;;;;
437;"325120";5;Tandplejerarbejde;;;;;;
438;"3252";4;Teknikerarbejde inden for medicinsk registrering og sundhedsinformation;;;;;;
439;"325200";5;Teknikerarbejde inden for medicinsk registrering og sundhedsinformation;;;;;;
440;"3253";4;Assisterende sundhedsarbejde ved lokale/akutte behandlingscentre;;;;;;
441;"325300";5;Assisterende sundhedsarbejde ved lokale/akutte behandlingscentre;;;;;;
442;"3254";4;Teknikerarbejde inden for fremstilling af synshjælpemidler;;;;;;
443;"325400";5;Teknikerarbejde inden for fremstilling af synshjælpemidler;;;;;;
444;"3255";4;Assisterende arbejde inden for fysioterapi;;;;;;
445;"325500";5;Assisterende arbejde inden for fysioterapi;;;;;;
446;"3256";4;Assisterende arbejde inden for sundhedsområdet;;;;;;
447;"325600";5;Assisterende arbejde inden for sundhedsområdet;;;;;;
448;"3257";4;Arbejde med kontrol af arbejdsmiljø og sikkerhed;;;;;;
449;"325710";5;Kontrolarbejde vedr. arbejdsmiljø;;;;;;
450;"325720";5;Kontrolarbejde vedr. sikkerhed;;;;;;
451;"325730";5;Assistentarbejde og rådgivning vedr. hygiejne og miljøteknisk arbejde;;;;;;
452;"3258";4;Redningsarbejde (Ambulancebehandler);;;;;;
453;"325800";5;Redningsarbejde (Ambulancebehandler);;;;;;
454;"3259";4;Tekniker- og assistentarbejde inden for sundhedsområdet ikke klassificeret andetsteds;;;;;;
455;"325900";5;Tekniker- og assistentarbejde inden for sundhedsområdet ikke klassificeret andetsteds;;;;;;
456;"33";2;Arbejde inden for forretningsservice, økonomi, administration og salg;;;;;;
457;"331";3;Arbejde med finans, regnskab og matematik;;;;;;
458;"3311";4;Arbejde med omsætning af værdipapirer og valuta;;;;;;
459;"331110";5;Handel med værdipapirer og valuta;;;;;;
460;"331120";5;Afvikling af handel med værdipapirer og valuta (back office);;;;;;
461;"3312";4;Arbejde med kredit- og långivning;;;;;;
462;"331210";5;Arbejde med kreditbevilling og – analyse;;;;;;
463;"331220";5;Arbejde med erhverskunder – standardprodukter;;;;;;
464;"331230";5;Arbejde med privatkunder – standardprodukter;;;;;;
465;"331240";5;Arbejde med både erhvervs- og privatkunder – standardprodukter;;;;;;
466;"3313";4;Regnskabsarbejde;;;;;;
467;"331300";5;Regnskabsarbejde;;;;;;
468;"3314";4;Arbejde med statistik og matematik;;;;;;
469;"331400";5;Arbejde med statistik og matematik;;;;;;
470;"3315";4;Vurderings- og takseringsarbejde;;;;;;
471;"331500";5;Vurderings- og takseringsarbejde;;;;;;
472;"332";3;Agent- og mæglerarbejde inden for salg og indkøb;;;;;;
473;"3321";4;Forsikringsarbejde;;;;;;
474;"332110";5;Forsikringssalgsarbejde med egen kundeportefølje;;;;;;
475;"332120";5;Forsikringssalgsarbejde uden egen kundeportefølje;;;;;;
476;"332130";5;Forsikringsteknisk vurdering;;;;;;
477;"3322";4;Salgsarbejde (agenter);;;;;;
478;"332200";5;Salgsarbejde (agenter);;;;;;
479;"3323";4;Indkøbsarbejde (agenter);;;;;;
480;"332300";5;Indkøbsarbejde (agenter);;;;;;
481;"3324";4;Erhvervsmæglerarbejde;;;;;;
482;"332400";5;Erhvervsmæglerarbejde;;;;;;
483;"333";3;Arbejde inden for forretningsservice;;;;;;
484;"3331";4;Speditørarbejde;;;;;;
485;"333110";5;Speditørarbejde vedr. land- og lufttransport;;;;;;
486;"333120";5;Speditørarbejde vedr. skibsfart;;;;;;
487;"333190";5;Speditørarbejde i øvrigt;;;;;;
488;"3332";4;Konference- og eventplanlægning;;;;;;
489;"333200";5;Konference- og eventplanlægning;;;;;;
490;"3333";4;Jobformidling;;;;;;
491;"333300";5;Jobformidling;;;;;;
492;"3334";4;Ejendomsmægler- og ejendomsadministratorarbejde;;;;;;
493;"333410";5;Ejendomsmæglerarbejde;;;;;;
494;"333420";5;Ejendomshandlerarbejde;;;;;;
495;"333430";5;Ejendomsadministratorarbejde;;;;;;
496;"3339";4;Andet arbejde inden for forretningsservice;;;;;;
497;"333900";5;Andet arbejde inden for forretningsservice;;;;;;
498;"334";3;Administrativt sekretærarbejde;;;;;;
499;"3341";4;Kontorlederarbejde;;;;;;
500;"334100";5;Kontorlederarbejde;;;;;;
501;"3342";4;Advokatsekretærarbejde;;;;;;
502;"334200";5;Advokatsekretærarbejde;;;;;;
503;"3343";4;Chef- og direktionssekretærarbejde;;;;;;
504;"334310";5;Chef- og direktionssekretærarbejde;;;;;;
505;"334320";5;Oversættelse af korrespondance;;;;;;
506;"3344";4;Lægesekretærarbejde;;;;;;
507;"334400";5;Lægesekretærarbejde;;;;;;
508;"335";3;Arbejde med forvaltning og udøvelse af lovgivning;;;;;;
509;"3351";4;Told- og grænsebetjentarbejde;;;;;;
510;"335100";5;Told- og grænsebetjentarbejde;;;;;;
511;"3352";4;Administration af skatte- og afgiftslovgivning;;;;;;
512;"335200";5;Administration af skatte- og afgiftslovgivning;;;;;;
513;"3353";4;Formidling af offentlige ydelser;;;;;;
514;"335300";5;Formidling af offentlige ydelser;;;;;;
515;"3354";4;Udstedelse af pas, kørekort o.l.;;;;;;
516;"335400";5;Udstedelse af pas, kørekort o.l.;;;;;;
517;"3355";4;Politimæssigt undersøgelsesarbejde;;;;;;
518;"335500";5;Politimæssigt undersøgelsesarbejde;;;;;;
519;"3359";4;Andet arbejde med forvaltning og udøvelse af lovgivning;;;;;;
520;"335900";5;Andet arbejde med forvaltning og udøvelse af lovgivning;;;;;;
521;"34";2;Arbejde inden for jura, samfundsvidenskab og kultur;;;;;;
522;"341";3;Arbejde inden for jura og samfundsforhold;;;;;;
523;"3411";4;Juridisk arbejde på mellemniveau;;;;;;
524;"341100";5;Juridisk arbejde på mellemniveau;;;;;;
525;"3412";4;Social rådgivningsarbejde på mellemniveau;;;;;;
526;"341200";5;Social rådgivningsarbejde på mellemniveau;;;;;;
527;"3413";4;Arbejde med tilknytning til religion på mellemniveau;;;;;;
528;"341300";5;Arbejde med tilknytning til religion på mellemniveau;;;;;;
529;"342";3;Arbejde med sport og fitness;;;;;;
530;"3421";4;Sportsudøvere;;;;;;
531;"342100";5;Sportsudøvere;;;;;;
532;"3422";4;Træner-, instruktør- og dommerarbejde inden for sport;;;;;;
533;"342200";5;Træner-, instruktør- og dommerarbejde inden for sport;;;;;;
534;"3423";4;Instruktørarbejde inden for fitness og beslægtede områder;;;;;;
535;"342300";5;Instruktørarbejde inden for fitness og beslægtede områder;;;;;;
536;"343";3;Arbejde inden for kunstneriske, kulturelle og kulinariske områder;;;;;;
537;"3431";4;Fotografarbejde;;;;;;
538;"343100";5;Fotografarbejde;;;;;;
539;"3432";4;Indretningsarkitekt- og dekoratørarbejde;;;;;;
540;"343200";5;Indretningsarkitekt- og dekoratørarbejde;;;;;;
541;"3433";4;Galleri-, museums- og biblioteksteknikerarbejde;;;;;;
542;"343300";5;Galleri-, museums- og biblioteksteknikerarbejde;;;;;;
543;"3434";4;Køkkenchefarbejde;;;;;;
544;"343400";5;Køkkenchefarbejde;;;;;;
545;"3435";4;Andet arbejde inden for kunstneriske, kulturelle og kulinariske områder;;;;;;
546;"343500";5;Andet arbejde inden for kunstneriske, kulturelle og kulinariske områder;;;;;;
547;"35";2;Informations- og kommunikationsteknikerarbejde;;;;;;
548;"351";3;Driftsteknikerarbejde og brugersupportarbejde inden for informations- og kommunikationsteknologi;;;;;;
549;"3511";4;Driftsteknikerarbejde inden for informations- og kommunikationsteknologi;;;;;;
550;"351100";5;Driftsteknikerarbejde inden for informations- og kommunikationsteknologi;;;;;;
551;"3512";4;Brugersupportarbejde inden for informations- og kommunikationsteknologi;;;;;;
552;"351200";5;Brugersupportarbejde inden for informations- og kommunikationsteknologi;;;;;;
553;"3513";4;Netværks- og systemteknikerarbejde inden for informations- og kommunikationsteknologi;;;;;;
554;"351300";5;Netværks- og systemteknikerarbejde inden for informations- og kommunikationsteknologi;;;;;;
555;"3514";4;Internetteknikerarbejde;;;;;;
556;"351400";5;Internetteknikerarbejde;;;;;;
557;"352";3;Teknikerarbejde inden for audiovisuelle medier og telekommunikation;;;;;;
558;"3521";4;Teknikerarbejde inden for audiovisuelle medier;;;;;;
559;"352100";5;Teknikerarbejde inden for audiovisuelle medier;;;;;;
560;"3522";4;Teknikerarbejde inden for telekommunikation;;;;;;
561;"352200";5;Teknikerarbejde inden for telekommunikation;;;;;;
562;"4";1;Almindeligt kontor- og kundeservicearbejde;;;;;;
563;"41";2;Almindeligt kontor- og sekretærarbejde;;;;;;
564;"411";3;Almindeligt kontorarbejde;;;;;;
565;"4110";4;Almindeligt kontorarbejde;;;;;;
566;"411000";5;Almindeligt kontorarbejde;;;;;;
567;"412";3;Almindeligt sekretærarbejde;;;;;;
568;"4120";4;Almindeligt sekretærarbejde;;;;;;
569;"412000";5;Almindeligt sekretærarbejde;;;;;;
570;"413";3;Indtastningsarbejde;;;;;;
571;"4131";4;Tekstbehandlingsarbejde;;;;;;
572;"413100";5;Tekstbehandlingsarbejde;;;;;;
573;"4132";4;Dataregistreringsarbejde;;;;;;
574;"413200";5;Dataregistreringsarbejde;;;;;;
575;"42";2;Kundeservice;;;;;;
576;"421";3;Kasserer- og inkassatorarbejde samt beslægtede funktioner;;;;;;
577;"4211";4;Kundebetjening og kassererarbejde i pengeinstitutter;;;;;;
578;"421100";5;Kundebetjening og kassererarbejde i pengeinstitutter;;;;;;
579;"4212";4;Bookmaker- og croupierarbejde samt beslægtede funktioner;;;;;;
580;"421200";5;Bookmaker- og croupierarbejde samt beslægtede funktioner;;;;;;
581;"4213";4;Pantelånerarbejde og beslægtede funktioner;;;;;;
582;"421300";5;Pantelånerarbejde og beslægtede funktioner;;;;;;
583;"4214";4;Inkassatorarbejde og beslægtede funktioner;;;;;;
584;"421400";5;Inkassatorarbejde og beslægtede funktioner;;;;;;
585;"422";3;Kundeinformationsarbejde;;;;;;
586;"4221";4;Rejsebureauarbejde;;;;;;
587;"422100";5;Rejsebureauarbejde;;;;;;
588;"4222";4;Informationsarbejde på kundekontaktcentre;;;;;;
589;"422200";5;Informationsarbejde på kundekontaktcentre;;;;;;
590;"4223";4;Telefonomstillingsarbejde;;;;;;
591;"422300";5;Telefonomstillingsarbejde;;;;;;
592;"4224";4;Hotelreceptionistarbejde;;;;;;
593;"422400";5;Hotelreceptionistarbejde;;;;;;
594;"4225";4;Oplysnings- og forespørgselsarbejde;;;;;;
595;"422500";5;Oplysnings- og forespørgselsarbejde;;;;;;
596;"4226";4;Almindeligt receptionistarbejde, ekskl. hotelreceptionistarbejde;;;;;;
597;"422600";5;Almindeligt receptionistarbejde, ekskl. hotelreceptionistarbejde;;;;;;
598;"4227";4;Interviewarbejde inden for markedsundersøgelse;;;;;;
599;"422700";5;Interviewarbejde inden for markedsundersøgelse;;;;;;
600;"4229";4;Andet kundeinformationsarbejde;;;;;;
601;"422900";5;Andet kundeinformationsarbejde;;;;;;
602;"43";2;Almindeligt beregnings- og registreringsarbejde;;;;;;
603;"431";3;Almindeligt beregningsarbejde;;;;;;
604;"4311";4;Almindeligt regnskabs- og bogføringsarbejde;;;;;;
605;"431100";5;Almindeligt regnskabs- og bogføringsarbejde;;;;;;
606;"4312";4;Almindeligt kontorarbejde vedrørende statistik, finansielle transaktioner og forsikringer;;;;;;
607;"431210";5;Almindeligt kontorarbejde ifm. udfærdigelse af statistik;;;;;;
608;"431220";5;Almindeligt kontorarbejde ifm. finansielle transaktioner;;;;;;
609;"431230";5;Forsikringsteknisk arbejde ifm. oprettelse og vedligeholdelse af forsikringspolicer;;;;;;
610;"431240";5;Forsikringsteknisk arbejde ifm. sagbehandling af skader;;;;;;
611;"4313";4;Almindeligt kontorarbejde inden for lønbehandling;;;;;;
612;"431300";5;Almindeligt kontorarbejde inden for lønbehandling;;;;;;
613;"432";3;Kontorarbejde inden for materialeregistrering og transport;;;;;;
614;"4321";4;Lagerekspeditionsarbejde;;;;;;
615;"432100";5;Lagerekspeditionsarbejde;;;;;;
616;"4322";4;Registreringsarbejde inden for produktion;;;;;;
617;"432200";5;Registreringsarbejde inden for produktion;;;;;;
618;"4323";4;Registreringsarbejde inden for transport- og trafikstyring;;;;;;
619;"432310";5;Tilrettelæggelse af jernbanetransport;;;;;;
620;"432320";5;Tilrettelæggelse af lufttransport – ikke flyveledere;;;;;;
621;"432330";5;Tilrettelæggelse af godstransport til lands;;;;;;
622;"432340";5;Tilrettelæggelse af udrykning ifm. redningstjeneste;;;;;;
623;"432390";5;Anden tilrettelæggelse af transport;;;;;;
624;"44";2;Andet almindeligt kontor- og kundeservicearbejde;;;;;;
625;"441";3;Andet almindeligt kontor- og kundeservicearbejde;;;;;;
626;"4411";4;Biblioteksservicearbejde;;;;;;
627;"441100";5;Biblioteksservicearbejde;;;;;;
628;"4412";4;Postbud- og betjentarbejde samt postsorteringsarbejde;;;;;;
629;"441210";5;Postbudarbejde;;;;;;
630;"441220";5;Betjentarbejde, intern postsortering og omdeling;;;;;;
631;"4413";4;Korrekturlæsning og beslægtede funktioner;;;;;;
632;"441300";5;Korrekturlæsning og beslægtede funktioner;;;;;;
633;"4415";4;Arbejde med arkivering og kopiering;;;;;;
634;"441500";5;Arbejde med arkivering og kopiering;;;;;;
635;"4416";4;Almindeligt kontorarbejde inden for HR;;;;;;
636;"441600";5;Almindeligt kontorarbejde inden for HR;;;;;;
637;"4419";4;Almindeligt kontor- og kundeservicearbejde ikke klassificeret andetsteds;;;;;;
638;"441900";5;Almindeligt kontor- og kundeservicearbejde ikke klassificeret andetsteds;;;;;;
639;"5";1;Service- og salgsarbejde;;;;;;
640;"51";2;Servicearbejde;;;;;;
641;"511";3;Service- og kontrolarbejde under transport og rejser;;;;;;
642;"5111";4;Servicearbejde af passagerer i forbindelse med rejser;;;;;;
643;"511110";5;Passagerbetjening under rejser;;;;;;
644;"511120";5;Passagerbetjening i lufthavne og havneterminaler;;;;;;
645;"5112";4;Kontrolarbejde under rejser;;;;;;
646;"511200";5;Kontrolarbejde under rejser;;;;;;
647;"5113";4;Turist- og rejselederarbejde;;;;;;
648;"511300";5;Turist- og rejselederarbejde;;;;;;
649;"512";3;Kokkearbejde;;;;;;
650;"5120";4;Kokkearbejde (ekskl. køkkenchefarbejde);;;;;;
651;"512000";5;Kokkearbejde (ekskl. køkkenchefarbejde);;;;;;
652;"513";3;Tjenere og bartendere;;;;;;
653;"5131";4;Tjenerarbejde;;;;;;
654;"513100";5;Tjenerarbejde;;;;;;
655;"5132";4;Bartenderarbejde;;;;;;
656;"513200";5;Bartenderarbejde;;;;;;
657;"514";3;Frisørarbejde og kosmetologarbejde samt beslægtede funktioner;;;;;;
658;"5141";4;Frisørarbejde;;;;;;
659;"514100";5;Frisørarbejde;;;;;;
660;"5142";4;Kosmetologarbejde og beslægtede funktioner;;;;;;
661;"514200";5;Kosmetologarbejde og beslægtede funktioner;;;;;;
662;"515";3;Inspektørarbejde inden for rengøring, husholdning og ejendomme;;;;;;
663;"5151";4;Rengøringsinspektørarbejde;;;;;;
664;"515100";5;Rengøringsinspektørarbejde;;;;;;
665;"5152";4;Husbestyrerarbejde;;;;;;
666;"515200";5;Husbestyrerarbejde;;;;;;
667;"5153";4;Ejendomsinspektørarbejde;;;;;;
668;"515300";5;Ejendomsinspektørarbejde;;;;;;
669;"516";3;Andet servicearbejde;;;;;;
670;"5161";4;Astrologiarbejde og beslægtede funktioner;;;;;;
671;"516100";5;Astrologiarbejde og beslægtede funktioner;;;;;;
672;"5162";4;Kammertjenerarbejde;;;;;;
673;"516200";5;Kammertjenerarbejde;;;;;;
674;"5163";4;Bedemandsarbejde;;;;;;
675;"516300";5;Bedemandsarbejde;;;;;;
676;"5164";4;Arbejde med kæledyr;;;;;;
677;"516400";5;Arbejde med kæledyr;;;;;;
678;"5165";4;Kørelærerarbejde;;;;;;
679;"516500";5;Kørelærerarbejde;;;;;;
680;"5169";4;Servicearbejde ikke klassificeret andetsteds;;;;;;
681;"516900";5;Servicearbejde ikke klassificeret andetsteds;;;;;;
682;"52";2;Salgsarbejde (ekskl. agentarbejde);;;;;;
683;"521";3;Salgsarbejde på gade og marked;;;;;;
684;"5211";4;Stade- og markedssalg;;;;;;
685;"521100";5;Stade- og markedssalg;;;;;;
686;"5212";4;Gadesalg af fødevarer;;;;;;
687;"521200";5;Gadesalg af fødevarer;;;;;;
688;"522";3;Salgsarbejde i butik;;;;;;
689;"5221";4;Butiksejere;;;;;;
690;"522100";5;Butiksejere;;;;;;
691;"5222";4;Butikslederarbejde;;;;;;
692;"522200";5;Butikslederarbejde;;;;;;
693;"5223";4;Salgsarbejde i butik;;;;;;
694;"522300";5;Salgsarbejde i butik;;;;;;
695;"523";3;Kasseassistentarbejde og beslægtet kundebetjening;;;;;;
696;"5230";4;Kasseassistentarbejde og beslægtet kundebetjening;;;;;;
697;"523000";5;Kasseassistentarbejde og beslægtet kundebetjening;;;;;;
698;"524";3;Andet salgsarbejde;;;;;;
699;"5241";4;Modelarbejde;;;;;;
700;"524100";5;Modelarbejde;;;;;;
701;"5242";4;Demonstrationsarbejde;;;;;;
702;"524200";5;Demonstrationsarbejde;;;;;;
703;"5244";4;Salgsarbejde i kundekontaktcentre;;;;;;
704;"524400";5;Salgsarbejde i kundekontaktcentre;;;;;;
705;"5245";4;Salgsarbejde på servicestationer;;;;;;
706;"524500";5;Salgsarbejde på servicestationer;;;;;;
707;"5246";4;Kasseassistentarbejde inden for catering og fastfood;;;;;;
708;"524600";5;Kasseassistentarbejde inden for catering og fastfood;;;;;;
709;"5249";4;Salgsarbejde ikke klassificeret andetsteds;;;;;;
710;"524900";5;Salgsarbejde ikke klassificeret andetsteds;;;;;;
711;"53";2;Omsorgsarbejde;;;;;;
712;"531";3;Børneomsorgsarbejde og hjælpelærerarbejde;;;;;;
713;"5311";4;Børneomsorgsarbejde;;;;;;
714;"531110";5;Dagplejearbejde;;;;;;
715;"531120";5;Pædagogisk medhjælp;;;;;;
716;"531190";5;Andet børneomsorgsarbejde;;;;;;
717;"5312";4;Hjælpelærerarbejde;;;;;;
718;"531200";5;Hjælpelærerarbejde;;;;;;
719;"532";3;Omsorgsarbejde inden for sundhedsområdet;;;;;;
720;"5321";4;Omsorgsarbejde på institutioner og hospitaler (ekskl. plejehjem);;;;;;
721;"532110";5;Social- og sundhedsarbejde på institutioner og hospitaler, medhjælpere;;;;;;
722;"532120";5;Social- og sundhedsarbejde på institutioner og hospitaler, assistenter;;;;;;
723;"532130";5;Portørarbejde på institutioner og hospitaler;;;;;;
724;"532190";5;Andet omsorgsarbejde på institutioner og hospitaler;;;;;;
725;"5322";4;Social- og sundhedsarbejde i private hjem (inkl. plejehjem);;;;;;
726;"532210";5;Social- og sundhedsarbejde i private hjem, medhjælpere;;;;;;
727;"532220";5;Social- og sundhedsarbejde i private hjem, assistenter;;;;;;
728;"5329";4;Andet omsorgsarbejde inden for sundhedsområdet;;;;;;
729;"532900";5;Andet omsorgsarbejde inden for sundhedsområdet;;;;;;
730;"54";2;Rednings- og overvågningsarbejde;;;;;;
731;"541";3;Rednings- og overvågningsarbejde;;;;;;
732;"5411";4;Brandslukningsarbejde;;;;;;
733;"541100";5;Brandslukningsarbejde;;;;;;
734;"5412";4;Politiarbejde;;;;;;
735;"541200";5;Politiarbejde;;;;;;
736;"5413";4;Fængselsbetjentarbejde;;;;;;
737;"541300";5;Fængselsbetjentarbejde;;;;;;
738;"5414";4;Sikkerhedsvagtarbejde;;;;;;
739;"541400";5;Sikkerhedsvagtarbejde;;;;;;
740;"5419";4;Andet rednings- og overvågningsarbejde (ekskl. ambulancebehandlere);;;;;;
741;"541900";5;Andet rednings- og overvågningsarbejde (ekskl. ambulancebehandlere);;;;;;
742;"6";1;Arbejde inden for landbrug, skovbrug og fiskeri ekskl. Medhjælp;;;;;;
743;"61";2;Arbejde inden for landbrug og gartneri ekskl. medhjælp;;;;;;
744;"611";3;Arbejde med plantevækst;;;;;;
745;"6111";4;Dyrkning af markafgrøder inden for jordbrug;;;;;;
746;"611100";5;Dyrkning af markafgrøder inden for jordbrug;;;;;;
747;"6112";4;Dyrkning af afgrøder fra træer og buske;;;;;;
748;"611200";5;Dyrkning af afgrøder fra træer og buske;;;;;;
749;"6113";4;Væksthus- og anlægsgartnerarbejde;;;;;;
750;"611310";5;Produktions- og væksthusgartnerarbejde;;;;;;
751;"611320";5;Anlægsgartnerarbejde;;;;;;
752;"611390";5;Andet gartnerarbejde;;;;;;
753;"6114";4;Dyrkning af blandede afgrøder;;;;;;
754;"611400";5;Dyrkning af blandede afgrøder;;;;;;
755;"612";3;Arbejde med dyreopdræt;;;;;;
756;"6121";4;Arbejde med opdræt af husdyr, ekskl. fjerkræ;;;;;;
757;"612100";5;Arbejde med opdræt af husdyr, ekskl. fjerkræ;;;;;;
758;"6122";4;Arbejde med opdræt af fjerkræ;;;;;;
759;"612200";5;Arbejde med opdræt af fjerkræ;;;;;;
760;"6123";4;Arbejde med bi- og silkeavl;;;;;;
761;"612300";5;Arbejde med bi- og silkeavl;;;;;;
762;"6129";4;Andet arbejde med dyreopdræt;;;;;;
763;"612900";5;Andet arbejde med dyreopdræt;;;;;;
764;"613";3;Arbejde med dyrkning af plantevækst og opdræt af dyr;;;;;;
765;"6130";4;Arbejde med dyrkning af plantevækst og opdræt af dyr;;;;;;
766;"613000";5;Arbejde med dyrkning af plantevækst og opdræt af dyr;;;;;;
767;"62";2;Arbejde inden for skovbrug, fiskeri og jagt;;;;;;
768;"621";3;Skovbrugsarbejde;;;;;;
769;"6210";4;Skovbrugsarbejde;;;;;;
770;"621000";5;Skovbrugsarbejde;;;;;;
771;"622";3;Arbejde med fiskeri og jagt;;;;;;
772;"6221";4;Arbejde inden for akvakultur;;;;;;
773;"622100";5;Arbejde inden for akvakultur;;;;;;
774;"6222";4;Arbejde med fiskeri i kyst- og søområder;;;;;;
775;"622200";5;Arbejde med fiskeri i kyst- og søområder;;;;;;
776;"6223";4;Arbejde med havfiskeri;;;;;;
777;"622300";5;Arbejde med havfiskeri;;;;;;
778;"6224";4;Jagtarbejde;;;;;;
779;"622400";5;Jagtarbejde;;;;;;
780;"7";1;Håndværkspræget arbejde;;;;;;
781;"71";2;Håndværkspræget arbejde inden for byggeri, undtagen elektrikerarbejde;;;;;;
782;"711";3;Bygningsarbejde (ekskl. medhjælpere) - basis;;;;;;
783;"7112";4;Murer- og brolægningsarbejde;;;;;;
784;"711210";5;Murerarbejde;;;;;;
785;"711220";5;Brolægningsarbejde;;;;;;
786;"7113";4;Stenhuggerarbejde;;;;;;
787;"711300";5;Stenhuggerarbejde;;;;;;
788;"7114";4;Arbejde med opførelse af betonkonstruktioner;;;;;;
789;"711410";5;Struktørarbejde;;;;;;
790;"711420";5;Terrazzoarbejde;;;;;;
791;"7115";4;Tømrer- og bygningssnedkerarbejde;;;;;;
792;"711510";5;Tømrer- og snedkerarbejde, byggeri;;;;;;
793;"711520";5;Tømrer- og snedkerarbejde, skibe;;;;;;
794;"7119";4;Andet bygningsarbejde – basis;;;;;;
795;"711910";5;Fremstilling af bygningskonstruktioner i stål;;;;;;
796;"711990";5;Andet bygningsarbejde i øvrigt;;;;;;
797;"712";3;Bygningsarbejde (ekskl. medhjælpere) - finish;;;;;;
798;"7121";4;Arbejde med tagdækning;;;;;;
799;"712100";5;Arbejde med tagdækning;;;;;;
800;"7122";4;Arbejde med gulv- og klinkelægning;;;;;;
801;"712200";5;Arbejde med gulv- og klinkelægning;;;;;;
802;"7123";4;Stukkatørarbejde;;;;;;
803;"712300";5;Stukkatørarbejde;;;;;;
804;"7124";4;Arbejde med isolering af bygninger;;;;;;
805;"712400";5;Arbejde med isolering af bygninger;;;;;;
806;"7125";4;Glarmesterarbejde;;;;;;
807;"712500";5;Glarmesterarbejde;;;;;;
808;"7126";4;VVS-arbejde;;;;;;
809;"712600";5;VVS-arbejde;;;;;;
810;"7127";4;Montørarbejde inden for klima- og køleteknik;;;;;;
811;"712700";5;Montørarbejde inden for klima- og køleteknik;;;;;;
812;"713";3;Malere og arbejde inden for rensning af bygninger;;;;;;
813;"7131";4;Malerarbejde;;;;;;
814;"713110";5;Bygningsmaler- og tapetsererarbejde;;;;;;
815;"713120";5;Skibsmalerarbejde;;;;;;
816;"7132";4;Sprøjtelakererarbejde;;;;;;
817;"713200";5;Sprøjtelakererarbejde;;;;;;
818;"7133";4;Rensning af bygninger;;;;;;
819;"713310";5;Skorstensfejerarbejde;;;;;;
820;"713320";5;Kemisk og mekanisk rensning af bygningsoverflader;;;;;;
821;"72";2;Metal- og maskinarbejde;;;;;;
822;"721";3;Pladearbejde, svejsning og beslægtede funktioner;;;;;;
823;"7211";4;Formning og støbning af emner i metal;;;;;;
824;"721100";5;Formning og støbning af emner i metal;;;;;;
825;"7212";4;Svejsearbejde og skærebrænding;;;;;;
826;"721200";5;Svejsearbejde og skærebrænding;;;;;;
827;"7213";4;Pladesmedarbejde;;;;;;
828;"721300";5;Pladesmedarbejde;;;;;;
829;"7214";4;Stålkonstruktionsarbejde;;;;;;
830;"721400";5;Stålkonstruktionsarbejde;;;;;;
831;"7215";4;Riggerarbejde;;;;;;
832;"721500";5;Riggerarbejde;;;;;;
833;"722";3;Smede, værktøjsmagere og beslægtede funktioner;;;;;;
834;"7221";4;Smedearbejde;;;;;;
835;"722100";5;Smedearbejde;;;;;;
836;"7222";4;Værktøjsmagerarbejde;;;;;;
837;"722200";5;Værktøjsmagerarbejde;;;;;;
838;"7223";4;Operatør- og opstillingsarbejde af metalforarbejdningsmaskiner;;;;;;
839;"722300";5;Operatør- og opstillingsarbejde af metalforarbejdningsmaskiner;;;;;;
840;"7224";4;Arbejde med polering og slibning af emner i metal;;;;;;
841;"722400";5;Arbejde med polering og slibning af emner i metal;;;;;;
842;"723";3;Mekanikerarbejde;;;;;;
843;"7231";4;Mekanikerarbejde inden for motorkøretøjer;;;;;;
844;"723110";5;Mekanikerarbejde, person- og varevogne;;;;;;
845;"723120";5;Mekanikerarbejde, lastvogne;;;;;;
846;"723190";5;Mekanikerarbejde, andre områder;;;;;;
847;"7232";4;Flymekanikerarbejde;;;;;;
848;"723200";5;Flymekanikerarbejde;;;;;;
849;"7233";4;Mekanikerarbejde, landbrugs- og industrimaskiner;;;;;;
850;"723300";5;Mekanikerarbejde, landbrugs- og industrimaskiner;;;;;;
851;"7234";4;Mekanikerarbejde, cykler og tilsvarende køretøjer;;;;;;
852;"723400";5;Mekanikerarbejde, cykler og tilsvarende køretøjer;;;;;;
853;"73";2;Præcisionshåndværk og grafisk arbejde;;;;;;
854;"731";3;Præcisionshåndværk;;;;;;
855;"7311";4;Finmekanikerarbejde;;;;;;
856;"731100";5;Finmekanikerarbejde;;;;;;
857;"7312";4;Håndfremstilling af musikinstrumenter;;;;;;
858;"731200";5;Håndfremstilling af musikinstrumenter;;;;;;
859;"7313";4;Juveler-, guld- og sølvsmedearbejde;;;;;;
860;"731300";5;Juveler-, guld- og sølvsmedearbejde;;;;;;
861;"7314";4;Pottemagerarbejde og beslægtede funktioner;;;;;;
862;"731400";5;Pottemagerarbejde og beslægtede funktioner;;;;;;
863;"7315";4;Glaspusterarbejde og arbejde med færdiggørelse af glasprodukter;;;;;;
864;"731500";5;Glaspusterarbejde og arbejde med færdiggørelse af glasprodukter;;;;;;
865;"7316";4;Skiltemaler-, dekoratør- og gravørarbejde;;;;;;
866;"731610";5;Skiltemalerarbejde;;;;;;
867;"731620";5;Porcelænsmalerarbejde;;;;;;
868;"731690";5;Andet male- og dekorationsarbejde inden for præcisionshåndværk;;;;;;
869;"7317";4;Håndfremstilling af produkter i træ og tilsvarende materialer;;;;;;
870;"731700";5;Håndfremstilling af produkter i træ og tilsvarende materialer;;;;;;
871;"7318";4;Håndfremstilling af produkter i tekstil, læder og tilsvarende materialer;;;;;;
872;"731800";5;Håndfremstilling af produkter i tekstil, læder og tilsvarende materialer;;;;;;
873;"7319";4;Andet præcisionshåndværk;;;;;;
874;"731900";5;Andet præcisionshåndværk;;;;;;
875;"732";3;Grafisk arbejde;;;;;;
876;"7321";4;Prepressarbejde og grafisk formfremstilling;;;;;;
877;"732100";5;Prepressarbejde og grafisk formfremstilling;;;;;;
878;"7322";4;Trykkerarbejde;;;;;;
879;"732200";5;Trykkerarbejde;;;;;;
880;"7323";4;Arbejde med færdiggørelse og indbinding af trykte produkter;;;;;;
881;"732300";5;Arbejde med færdiggørelse og indbinding af trykte produkter;;;;;;
882;"74";2;Arbejde inden for det elektriske og elektroniske område;;;;;;
883;"741";3;Installation- og reparation af elektrisk udstyr;;;;;;
884;"7411";4;Elektrikerarbejde;;;;;;
885;"741100";5;Elektrikerarbejde;;;;;;
886;"7412";4;Elektromekanikerarbejde;;;;;;
887;"741200";5;Elektromekanikerarbejde;;;;;;
888;"7413";4;Installation og reparation af elektrisk ledningsføring inden for forsyningsvirksomhed;;;;;;
889;"741300";5;Installation og reparation af elektrisk ledningsføring inden for forsyningsvirksomhed;;;;;;
890;"742";3;Installation og reparation af elektronik og telekommunikation;;;;;;
891;"7421";4;Elektronikmekanikerarbejde;;;;;;
892;"742100";5;Elektronikmekanikerarbejde;;;;;;
893;"7422";4;Installation og service inden for informations- og kommunikationsteknologi;;;;;;
894;"742200";5;Installation og service inden for informations- og kommunikationsteknologi;;;;;;
895;"75";2;Fødevarefremstilling, snedkeriarbejde, beklædningsfremstilling og beslægtede håndværk;;;;;;
896;"751";3;Arbejde inden for nærings- og nydelsesmiddelområdet;;;;;;
897;"7511";4;Slagterarbejde, fiskehandel og beslægtet arbejde inden for fødevarefremstilling;;;;;;
898;"751110";5;Slagterarbejde i detailhandelen;;;;;;
899;"751120";5;Håndforarbejdning af fisk og skaldyr i detailhandelen;;;;;;
900;"751190";5;Anden håndforarbejdning af fødevarer i detailhandelen;;;;;;
901;"7512";4;Bager- og konditorarbejde, ekskl. industri;;;;;;
902;"751200";5;Bager- og konditorarbejde, ekskl. industri;;;;;;
903;"7513";4;Fremstilling af mejeriprodukter;;;;;;
904;"751300";5;Fremstilling af mejeriprodukter;;;;;;
905;"7514";4;Fremstilling og konservering af frugt, grøntsager og tilsvarende produkter;;;;;;
906;"751400";5;Fremstilling og konservering af frugt, grøntsager og tilsvarende produkter;;;;;;
907;"7515";4;Prøvesmagning af nærings- og nydelsesmidler;;;;;;
908;"751500";5;Prøvesmagning af nærings- og nydelsesmidler;;;;;;
909;"7516";4;Fremstilling af tobaksprodukter;;;;;;
910;"751600";5;Fremstilling af tobaksprodukter;;;;;;
911;"752";3;Håndværkspræget arbejde i træindustri;;;;;;
912;"7521";4;Håndværkspræget træimprægneringsarbejde;;;;;;
913;"752100";5;Håndværkspræget træimprægneringsarbejde;;;;;;
914;"7522";4;Møbelsnedkerarbejde;;;;;;
915;"752200";5;Møbelsnedkerarbejde;;;;;;
916;"7523";4;Operatør- og opstillingsarbejde af træbearbejdningsmaskiner;;;;;;
917;"752300";5;Operatør- og opstillingsarbejde af træbearbejdningsmaskiner;;;;;;
918;"753";3;Tekstil- og beklædningsarbejde;;;;;;
919;"7531";4;Skrædderarbejde og beslægtet arbejde;;;;;;
920;"753100";5;Skrædderarbejde og beslægtet arbejde;;;;;;
921;"7532";4;Tilskærerarbejde;;;;;;
922;"753200";5;Tilskærerarbejde;;;;;;
923;"7533";4;Syarbejde og beslægtet arbejde;;;;;;
924;"753300";5;Syarbejde og beslægtet arbejde;;;;;;
925;"7534";4;Møbelpolstrerarbejde;;;;;;
926;"753400";5;Møbelpolstrerarbejde;;;;;;
927;"7535";4;Forarbejdning af skind;;;;;;
928;"753500";5;Forarbejdning af skind;;;;;;
929;"7536";4;Skomagerarbejde og beslægtet arbejde;;;;;;
930;"753600";5;Skomagerarbejde og beslægtet arbejde;;;;;;
931;"754";3;Andet håndværkspræget arbejde;;;;;;
932;"7541";4;Dykkerarbejde;;;;;;
933;"754100";5;Dykkerarbejde;;;;;;
934;"7542";4;Sprængnings- og fyrværkeriarbejde;;;;;;
935;"754200";5;Sprængnings- og fyrværkeriarbejde;;;;;;
936;"7543";4;Kvalitetskontrol og testarbejde af produkter (undtagen nærings- og nydelsesmidler);;;;;;
937;"754300";5;Kvalitetskontrol og testarbejde af produkter (undtagen nærings- og nydelsesmidler);;;;;;
938;"7544";4;Desinfektionsarbejde og skadedyrsbekæmpelse;;;;;;
939;"754400";5;Desinfektionsarbejde og skadedyrsbekæmpelse;;;;;;
940;"7549";4;Håndværkspræget arbejde ikke klassificeret andetsteds;;;;;;
941;"754900";5;Håndværkspræget arbejde ikke klassificeret andetsteds;;;;;;
942;"8";1;Operatør- og monteringsarbejde samt transportarbejde;;;;;;
943;"81";2;Operatørarbejde ved stationære anlæg og maskiner;;;;;;
944;"811";3;Operatørarbejde ved anlæg i minedrift og råstofudvinding;;;;;;
945;"8111";4;Mine- og stenbrudsarbejde;;;;;;
946;"811100";5;Mine- og stenbrudsarbejde;;;;;;
947;"8112";4;Operatørarbejde ved anlæg til råstofudvinding;;;;;;
948;"811200";5;Operatørarbejde ved anlæg til råstofudvinding;;;;;;
949;"8113";4;Boreanlægsarbejde;;;;;;
950;"811300";5;Boreanlægsarbejde;;;;;;
951;"8114";4;Operatørarbejde ved fremstilling af cement-, sten- og andre råstofprodukter;;;;;;
952;"811400";5;Operatørarbejde ved fremstilling af cement-, sten- og andre råstofprodukter;;;;;;
953;"812";3;Operatørarbejde ved forarbejdning og færdiggørelse af metal;;;;;;
954;"8121";4;Operatørarbejde ved forarbejdning af metal;;;;;;
955;"812100";5;Operatørarbejde ved forarbejdning af metal;;;;;;
956;"8122";4;Operatørarbejde ved overfladebehandling af metal;;;;;;
957;"812200";5;Operatørarbejde ved overfladebehandling af metal;;;;;;
958;"813";3;Operatørarbejde ved fremstilling af kemiske og fotografiske produkter;;;;;;
959;"8131";4;Operatørarbejde ved fremstilling af kemiske produkter;;;;;;
960;"813110";5;Operatørarbejde ved fremstilling af kemiske produkter i medicinalindustri;;;;;;
961;"813120";5;Operatørarbejde ved fremstilling af kemiske produkter ekskl. medicinalindustri;;;;;;
962;"8132";4;Operatørarbejde ved fremstilling af fotografiske produkter;;;;;;
963;"813200";5;Operatørarbejde ved fremstilling af fotografiske produkter;;;;;;
964;"814";3;Operatører af maskiner til fremstilling af gummi-, plastik- og papirprodukter;;;;;;
965;"8141";4;Operatørarbejde ved fremstilling af gummiprodukter;;;;;;
966;"814100";5;Operatørarbejde ved fremstilling af gummiprodukter;;;;;;
967;"8142";4;Operatørarbejde ved fremstilling af plast;;;;;;
968;"814210";5;Operatørarbejde ved fremstilling af plast til videreforarbejdning;;;;;;
969;"814220";5;Operatørarbejde ved fremstilling af plastprodukter;;;;;;
970;"8143";4;Operatørarbejde ved fremstilling af papirprodukter;;;;;;
971;"814300";5;Operatørarbejde ved fremstilling af papirprodukter;;;;;;
972;"815";3;Operatørarbejde ved fremstilling af tekstil-, pels- og læderprodukter;;;;;;
973;"8151";4;Operatørarbejde ved forarbejdning af materialer i fiber og tekstil;;;;;;
974;"815100";5;Operatørarbejde ved forarbejdning af materialer i fiber og tekstil;;;;;;
975;"8152";4;Operatørarbejde ved vævning og strikning;;;;;;
976;"815200";5;Operatørarbejde ved vævning og strikning;;;;;;
977;"8153";4;Operatørarbejde af symaskiner;;;;;;
978;"815300";5;Operatørarbejde af symaskiner;;;;;;
979;"8154";4;Operatørarbejde ved blegning, farvning og rensning af tekstiler;;;;;;
980;"815400";5;Operatørarbejde ved blegning, farvning og rensning af tekstiler;;;;;;
981;"8155";4;Operatørarbejde ved klargøring af pels og læder;;;;;;
982;"815500";5;Operatørarbejde ved klargøring af pels og læder;;;;;;
983;"8156";4;Operatørarbejde ved fremstilling af fodtøj og tilsvarende produkter;;;;;;
984;"815600";5;Operatørarbejde ved fremstilling af fodtøj og tilsvarende produkter;;;;;;
985;"8157";4;Operatørarbejde af vaskemaskiner;;;;;;
986;"815700";5;Operatørarbejde af vaskemaskiner;;;;;;
987;"8159";4;Andet operatørarbejde ved fremstilling af tekstil-, pels- og læderprodukter;;;;;;
988;"815900";5;Andet operatørarbejde ved fremstilling af tekstil-, pels- og læderprodukter;;;;;;
989;"816";3;Operatørarbejde ved fremstilling af nærings- og nydelsesmidler;;;;;;
990;"8160";4;Operatørarbejde ved fremstilling af nærings- og nydelsesmidler;;;;;;
991;"816010";5;Industrielt slagteriarbejde og behandling af råvarer (ekskl. fjerkræ);;;;;;
992;"816020";5;Industrielt slagteriarbejde og behandling af råvarer, fjerkræ;;;;;;
993;"816030";5;Behandling af råvarer i fiskeindustri;;;;;;
994;"816040";5;Arbejde med færdigvareproduktion i nærings- og nydelsesmiddelindustri;;;;;;
995;"817";3;Operatørarbejde ved træforarbejdning og papirfremstilling;;;;;;
996;"8171";4;Operatørarbejde ved fremstilling af papirmasse og papirprodukter;;;;;;
997;"817100";5;Operatørarbejde ved fremstilling af papirmasse og papirprodukter;;;;;;
998;"8172";4;Operatørarbejde ved træforarbejdning;;;;;;
999;"817200";5;Operatørarbejde ved træforarbejdning;;;;;;
1000;"818";3;Andet operatørarbejde ved stationære anlæg og maskiner;;;;;;
1001;"8181";4;Operatørarbejde ved fremstilling af glas og keramik;;;;;;
1002;"818100";5;Operatørarbejde ved fremstilling af glas og keramik;;;;;;
1003;"8182";4;Operatørarbejde ved dampmaskine- og kedelanlæg;;;;;;
1004;"818210";5;Operatørarbejde ved dampmaskine- og kedelanlæg i forsyningsindustri;;;;;;
1005;"818290";5;Andet operatørarbejde ved dampmaskine- og kedelanlæg;;;;;;
1006;"8183";4;Operatørarbejde af maskiner til pakning, påfyldning og mærkning;;;;;;
1007;"818300";5;Operatørarbejde af maskiner til pakning, påfyldning og mærkning;;;;;;
1008;"8189";4;Andet operatørarbejde ved stationære anlæg og maskiner;;;;;;
1009;"818910";5;Operatørarbejde ved stationære anlæg inden for vandforsyning og forbrændings- og rensningsanlæg;;;;;;
1010;"818990";5;Andet operatørarbejde ved stationære anlæg og maskiner;;;;;;
1011;"82";2;Monteringsarbejde;;;;;;
1012;"821";3;Monteringsarbejde;;;;;;
1013;"8211";4;Monteringsarbejde af mekaniske maskiner;;;;;;
1014;"821100";5;Monteringsarbejde af mekaniske maskiner;;;;;;
1015;"8212";4;Monteringsarbejde af elektrisk og elektronisk udstyr;;;;;;
1016;"821200";5;Monteringsarbejde af elektrisk og elektronisk udstyr;;;;;;
1017;"8219";4;Andet monteringsarbejde;;;;;;
1018;"821900";5;Andet monteringsarbejde;;;;;;
1019;"83";2;Chaufførarbejde og førere af køretøjer og mobile maskiner;;;;;;
1020;"831";3;Lokomotivførerarbejde og tograngering;;;;;;
1021;"8311";4;Lokomotivførerarbejde;;;;;;
1022;"831100";5;Lokomotivførerarbejde;;;;;;
1023;"8312";4;Tograngering;;;;;;
1024;"831200";5;Tograngering;;;;;;
1025;"832";3;Chauffører af biler, varevogne og motorcykler;;;;;;
1026;"8321";4;Motorcykelførere;;;;;;
1027;"832100";5;Motorcykelførere;;;;;;
1028;"8322";4;Chauffører af biler, taxier og varevogne;;;;;;
1029;"832210";5;Hyrevogns- og privatchaufførarbejde eller tilsvarende chaufførarbejde;;;;;;
1030;"832220";5;Varevognschaufførarbejde;;;;;;
1031;"832230";5;Varevognschaufførarbejde med salgs- og repræsentationsopgaver;;;;;;
1032;"832240";5;Varevognschaufførarbejde med renovationsopgaver;;;;;;
1033;"833";3;Chauffører af busser og lastbiler;;;;;;
1034;"8331";4;Buschauffører;;;;;;
1035;"833110";5;Buschauffører, national rutefart;;;;;;
1036;"833120";5;Buschauffører, national turistfart;;;;;;
1037;"833130";5;Buschauffører, international rutefart;;;;;;
1038;"833140";5;Buschauffører, international turistfart;;;;;;
1039;"8332";4;Lastbilchauffører;;;;;;
1040;"833210";5;Lastbilchauffører, national transport;;;;;;
1041;"833220";5;Lastbilchauffører, international transport;;;;;;
1042;"833230";5;Lastbilchauffører med salgs- og repræsentationsopgaver;;;;;;
1043;"833240";5;Lastbilchauffører med renovationsopgaver;;;;;;
1044;"833250";5;Lastbilchauffører med flytteopgaver;;;;;;
1045;"833260";5;Lastbilchauffører med farligt gods;;;;;;
1046;"834";3;Førere af mobile maskiner;;;;;;
1047;"8341";4;Førere af mobile landsbrugs- og skovbrugsmaskiner;;;;;;
1048;"834100";5;Førere af mobile landsbrugs- og skovbrugsmaskiner;;;;;;
1049;"8342";4;Entreprenørmaskinførerarbejde;;;;;;
1050;"834200";5;Entreprenørmaskinførerarbejde;;;;;;
1051;"8343";4;Kran- og liftførerarbejde;;;;;;
1052;"834310";5;Kran- og liftførerarbejde ved stationære enheder;;;;;;
1053;"834320";5;Kran- og liftførerarbejde ved mobile enheder;;;;;;
1054;"8344";4;Truckførerarbejde;;;;;;
1055;"834400";5;Truckførerarbejde;;;;;;
1056;"835";3;Dæksarbejde og medhjælp om bord på skibe;;;;;;
1057;"8350";4;Dæksarbejde og medhjælp om bord på skibe;;;;;;
1058;"835000";5;Dæksarbejde og medhjælp om bord på skibe;;;;;;
1059;"9";1;Andet manuelt arbejde;;;;;;
1060;"91";2;Rengøringsarbejde;;;;;;
1061;"911";3;Rengøringsarbejde i private hjem, hoteller og kontorer;;;;;;
1062;"9111";4;Rengøringsarbejde i private hjem;;;;;;
1063;"911100";5;Rengøringsarbejde i private hjem;;;;;;
1064;"9112";4;Rengøringsarbejde undtagen i private hjem;;;;;;
1065;"911210";5;Rengøring af kontorer og beboelsesområder;;;;;;
1066;"911220";5;Rengøring på hospitaler o.l.;;;;;;
1067;"911230";5;Rengøring af industrilokaliteter;;;;;;
1068;"911240";5;Rengøring på hoteller o.l.;;;;;;
1069;"911250";5;Rengøring af passagerområder i transportmidler;;;;;;
1070;"911260";5;Tværgående serviceopgaver;;;;;;
1071;"912";3;Manuelt rengøringsarbejde af køretøjer, vinduer, vasketøj og andet;;;;;;
1072;"9121";4;Manuel vask og presning af tøj;;;;;;
1073;"912100";5;Manuel vask og presning af tøj;;;;;;
1074;"9122";4;Rengøring af transportmidler;;;;;;
1075;"912200";5;Rengøring af transportmidler;;;;;;
1076;"9123";4;Vinduespudsning;;;;;;
1077;"912300";5;Vinduespudsning;;;;;;
1078;"9129";4;Andet rengøringsarbejde;;;;;;
1079;"912910";5;Rengøring ved skadeservice;;;;;;
1080;"912990";5;Andet rengøringsarbejde;;;;;;
1081;"92";2;Manuelt arbejde inden for landbrug, skovbrug og fiskeri;;;;;;
1082;"921";3;Manuelt arbejde inden for landbrug, skovbrug og fiskeri;;;;;;
1083;"9211";4;Manuelt arbejde inden for agerbrug;;;;;;
1084;"921100";5;Manuelt arbejde inden for agerbrug;;;;;;
1085;"9212";4;Manuelt arbejde inden for husdyravl;;;;;;
1086;"921200";5;Manuelt arbejde inden for husdyravl;;;;;;
1087;"9213";4;Manuelt arbejde inden for både agerbrug og husdyravl;;;;;;
1088;"921300";5;Manuelt arbejde inden for både agerbrug og husdyravl;;;;;;
1089;"9214";4;Manuelt arbejde inden for havebrug og væksthusgartneri;;;;;;
1090;"921400";5;Manuelt arbejde inden for havebrug og væksthusgartneri;;;;;;
1091;"9215";4;Manuelt skovarbejde;;;;;;
1092;"921500";5;Manuelt skovarbejde;;;;;;
1093;"9216";4;Manuelt arbejde inden for fiskeri og akvakultur;;;;;;
1094;"921600";5;Manuelt arbejde inden for fiskeri og akvakultur;;;;;;
1095;"93";2;Manuelt arbejde inden for råstofudvinding, bygge- og anlægssektoren, produktion og transport;;;;;;
1096;"931";3;Manuelt arbejde inden for råstofudvinding og bygge- og anlægssektoren;;;;;;
1097;"9311";4;Manuelt arbejde inden for råstofudvinding;;;;;;
1098;"931100";5;Manuelt arbejde inden for råstofudvinding;;;;;;
1099;"9312";4;Manuelt arbejde inden for anlægssektoren;;;;;;
1100;"931210";5;Asfaltarbejde;;;;;;
1101;"931220";5;Medhjælp med brolæggerarbejde;;;;;;
1102;"931230";5;Kabelarbejde;;;;;;
1103;"931240";5;Montage af luftledninger;;;;;;
1104;"931290";5;Jord-, kloak- og andet anlægsarbejde;;;;;;
1105;"9313";4;Manuelt arbejde inden for byggesektoren;;;;;;
1106;"931310";5;Medhjælp ved isoleringsarbejde;;;;;;
1107;"931320";5;Medhjælp ved tagdækningsarbejde;;;;;;
1108;"931330";5;Medhjælp ved murerarbejde;;;;;;
1109;"931340";5;Beton-, jernbeton- og montagearbejde;;;;;;
1110;"931350";5;Opsætning og nedtagning af stilladser;;;;;;
1111;"931390";5;Medhjælp ved andet bygningsarbejde;;;;;;
1112;"932";3;Manuelt produktionsarbejde;;;;;;
1113;"9321";4;Pakkeriarbejde;;;;;;
1114;"932100";5;Pakkeriarbejde;;;;;;
1115;"9329";4;Andet manuelt produktionsarbejde;;;;;;
1116;"932900";5;Andet manuelt produktionsarbejde;;;;;;
1117;"933";3;Transport- og lagerarbejde;;;;;;
1118;"9331";4;Førere af hånd- og pedaldrevne køretøjer;;;;;;
1119;"933100";5;Førere af hånd- og pedaldrevne køretøjer;;;;;;
1120;"9332";4;Førere af dyretrukne køretøjer og maskineri;;;;;;
1121;"933200";5;Førere af dyretrukne køretøjer og maskineri;;;;;;
1122;"9333";4;Arbejde med lastning og losning;;;;;;
1123;"933300";5;Arbejde med lastning og losning;;;;;;
1124;"9334";4;Arbejde med opfyldning af lager og butik;;;;;;
1125;"933410";5;Lager- og pakhusarbejde;;;;;;
1126;"933420";5;Medhjælp i butik mv. (ekskl. kassearbejde);;;;;;
1127;"94";2;Manuelt arbejde med tilberedning af mad;;;;;;
1128;"941";3;Manuelt arbejde med tilberedning af mad;;;;;;
1129;"9411";4;Tilberedning af fastfood;;;;;;
1130;"941100";5;Tilberedning af fastfood;;;;;;
1131;"9412";4;Køkkenhjælp mv.;;;;;;
1132;"941210";5;Medhjælp i køkken;;;;;;
1133;"941220";5;Afrydning i restaurationer o.l.;;;;;;
1134;"95";2;Gadesalg og -service;;;;;;
1135;"951";3;Servicearbejde på gaden;;;;;;
1136;"9510";4;Servicearbejde på gaden;;;;;;
1137;"951000";5;Servicearbejde på gaden;;;;;;
1138;"952";3;Gadesalg (undtagen madvarer);;;;;;
1139;"9520";4;Gadesalg (undtagen madvarer);;;;;;
1140;"952000";5;Gadesalg (undtagen madvarer);;;;;;
1141;"96";2;Renovationsarbejde og andet manuelt arbejde;;;;;;
1142;"961";3;Renovationsarbejde;;;;;;
1143;"9611";4;Indsamling af skrald og genbrugsartikler;;;;;;
1144;"961100";5;Indsamling af skrald og genbrugsartikler;;;;;;
1145;"9612";4;Arbejde med affaldssortering;;;;;;
1146;"961200";5;Arbejde med affaldssortering;;;;;;
1147;"9613";4;Gadefejning og beslægtet arbejde;;;;;;
1148;"961300";5;Gadefejning og beslægtet arbejde;;;;;;
1149;"962";3;Andet manuelt arbejde;;;;;;
1150;"9621";4;Kurérarbejde og transport af bagage;;;;;;
1151;"962110";5;Kurérarbejde;;;;;;
1152;"962120";5;Transport af bagage;;;;;;
1153;"9622";4;Forefaldende arbejde;;;;;;
1154;"962200";5;Forefaldende arbejde;;;;;;
1155;"9623";4;Måleraflæsning og tømning af salgsautomater;;;;;;
1156;"962300";5;Måleraflæsning og tømning af salgsautomater;;;;;;
1157;"9629";4;Andet manuelt arbejde;;;;;;
1158;"962900";5;Andet manuelt arbejde;;;;;;
1159;"0";1;Militært arbejde;;;;;;
1160;"01";2;Militært arbejde på officersniveau;;;;;;
1161;"011";3;Militært arbejde på officersniveau;;;;;;
1162;"0110";4;Militært arbejde på officersniveau;;;;;;
1163;"011000";5;Militært arbejde på officersniveau;;;;;;
1164;"02";2;Militært arbejde på befalingsmandsniveau (underofficersarbejde);;;;;;
1165;"021";3;Militært arbejde på befalingsmandsniveau (underofficersarbejde);;;;;;
1166;"0210";4;Militært arbejde på befalingsmandsniveau (underofficersarbejde);;;;;;
1167;"021000";5;Militært arbejde på befalingsmandsniveau (underofficersarbejde);;;;;;
1168;"03";2;Militært arbejde, øvrige rangordener;;;;;;
1169;"031";3;Militært arbejde, øvrige rangordener;;;;;;
1170;"0310";4;Militært arbejde, øvrige rangordener;;;;;;
1171;"031000";5;Militært arbejde, øvrige rangordener;;;;;;
